kmer,count,freq
A,20393985,0.26984393
G,20135207,0.26641990
T,18495903,0.24472938
C,16321220,0.21595496
N,223398,0.00295590
U,3784,0.00005007
R,772,0.00001021
Y,763,0.00001010
S,578,0.00000765
K,522,0.00000691
W,394,0.00000521
M,389,0.00000515
D,30,0.00000040
B,10,0.00000013
H,5,0.00000007
V,3,0.00000004
