kmer,count,freq
AAAA,568979,0.00755847
GAAA,551839,0.00733078
TTTT,534477,0.00710014
GGAA,517625,0.00687627
AAAG,505410,0.00671401
TGAA,500190,0.00664466
TGGG,493890,0.00656097
GGGA,488972,0.00649564
GAAG,481323,0.00639403
GGTG,478492,0.00635642
GGGG,476344,0.00632789
AAAT,464350,0.00616855
GGAG,450266,0.00598146
GAGG,444064,0.00589907
AAGG,438201,0.00582118
TAAA,437888,0.00581703
GTGA,428790,0.00569616
AATT,425837,0.00565694
GTGG,418499,0.00555946
AATA,415529,0.00552000
