kmer,count,freq
NNNNN,215246,0.00286319
AAAAA,201465,0.00267988
TTTTT,196146,0.00260912
TGAAA,187879,0.00249916
GGGGA,182075,0.00242195
GAAAG,177707,0.00236385
GTGAA,176347,0.00234576
TGGGG,165888,0.00220663
AAGAA,165860,0.00220626
GGGAG,164950,0.00219416
GGAAT,164809,0.00219228
GGTGA,163598,0.00217617
AAAGC,160268,0.00213188
GGAGG,158363,0.00210654
GAGGA,155932,0.00207420
AGGAA,155777,0.00207214
GAAGG,152621,0.00203016
AAAAT,146431,0.00194782
GAAGA,145704,0.00193815
GGGAA,144673,0.00192443
