kmer,count,freq
AAA,1927814,0.02557564
GAA,1751738,0.02323970
GGG,1643408,0.02180252
AAG,1633193,0.02166700
GGA,1579783,0.02095843
TTT,1567627,0.02079716
TGG,1534810,0.02036179
TGA,1506454,0.01998560
AAT,1500681,0.01990901
AGG,1423323,0.01888273
GAG,1420092,0.01883987
TAA,1419352,0.01883005
GTG,1396454,0.01852627
AGA,1338420,0.01775635
TTG,1323055,0.01755251
GGT,1321026,0.01752559
ATT,1313647,0.01742770
AGC,1305412,0.01731845
AAC,1297349,0.01721148
CTG,1291816,0.01713807
