{"step": [30300, 30350, 30400, 30450, 30500, 30550, 30600, 30650, 30700, 30750], "train_loss": [0.3766, 0.3807, 0.3817, 0.3772, 0.3766, 0.3804, 0.3785, 0.3802, 0.3781, 0.3821], "lr": [4.76008856687189e-05, 4.75925752047672e-05, 4.7584251293745175e-05, 4.757591394201531e-05, 4.756756315595033e-05, 4.7559198941933283e-05, 4.755082130635741e-05, 4.7542430255626245e-05, 4.7534025796153593e-05, 4.752560793436349e-05], "val_step": [], "val_loss": [], "val_ppl": [], "epoch_at_val": []}