{
  "family": "telomerase",
  "backbone": "hybrid-300M",
  "pipeline": "RiNALMo",
  "num_train": 3447,
  "num_val": 383,
  "num_test": 35,
  "skipped_long_or_noemb": {
    "train": 0,
    "val": 0,
    "test": 0
  },
  "tuned_threshold": 0.11,
  "best_val_F1": 0.8997366145909201,
  "mean_F1": 0.10375449164853273,
  "mean_precision": 0.12106414554880636,
  "mean_recall": 0.09185809919896853,
  "median_F1": 0.10471204188481675,
  "metric": "flexible(+/-1)_F1",
  "max_len": 512
}