model,tokenizer,backbone,params,split,num_train,num_val,num_test,mean_precision,mean_recall,mean_F1,mean_best_F1,mean_MCC,mean_AUPRC,mean_P_at_L,mean_P_at_L2
kmer1-BERT,kmer1,BERT,4939786,archiveII_random,950,118,120,0.21726385848240667,0.8711715983323575,0.31454763552774134,0.6044660970887946,0.4011402997123313,0.5715363536411731,0.2205657799815934,0.38054251942205575
kmer1-Hybrid,kmer1,Hybrid,5114890,archiveII_random,950,118,120,0.325055828365117,0.905798340344839,0.4226851258794039,0.6850121583367724,0.49210557922193693,0.6650475222287462,0.2330178220609648,0.4213776223503429
kmer6-BERT,kmer6,BERT,8954126,archiveII_random,950,118,120,0.04958382291521455,0.6405142264160125,0.09001474306359587,0.2407232748062121,0.16315222541590302,0.16192520084761455,0.11022714776239652,0.15131619034333696
kmer6-Hybrid,kmer6,Hybrid,9126670,archiveII_random,950,118,120,0.053867384086605206,0.6412622676483404,0.09683208642317659,0.26808154815359414,0.16935435753427167,0.1923037070857712,0.11467107187125285,0.16646041952433502
