{
  "h650_ep1": {
    "5s": 0.7776990375129134,
    "16s": 0.48304610563487443,
    "23s": 0.5909488443277675,
    "grp1": 0.1811672525967408,
    "srp": 0.39332761229009505,
    "telomerase": 0.12479654066477142,
    "RNaseP": 0.5520211905404685,
    "tmRNA": 0.5960042956292877,
    "tRNA": 0.7922236186878656
  },
  "rinalmo_giga": {
    "5s": 0.88,
    "16s": 0.74,
    "23s": 0.85,
    "grp1": 0.66,
    "srp": 0.7,
    "telomerase": 0.12,
    "RNaseP": 0.8,
    "tmRNA": 0.8,
    "tRNA": 0.93
  },
  "h300_full": {
    "5s": 0.8042427289923214,
    "16s": 0.42349356911968944,
    "23s": 0.315563660968507,
    "grp1": 0.1513471824231741,
    "srp": 0.4861599018638475,
    "telomerase": 0.12913129635804127,
    "RNaseP": 0.48901361224374196,
    "tmRNA": 0.631716350652846
  },
  "macro_650": 0.499,
  "macro_rinalmo": 0.72
}