{
  "family": "RNaseP",
  "backbone": "hybrid-300M",
  "pipeline": "RiNALMo+gradual-unfreeze-FT",
  "num_train": 3070,
  "num_val": 341,
  "num_test": 454,
  "tuned_threshold": 0.06,
  "best_val_F1": 0.9038237414386288,
  "mean_F1": 0.5520211905404685,
  "mean_precision": 0.6262106385911065,
  "mean_recall": 0.4964126321157174,
  "median_F1": 0.6144578313253012,
  "metric": "flexible(+/-1)_F1"
}