{
  "family": "tRNA",
  "backbone": "hybrid-300M",
  "pipeline": "RiNALMo+gradual-unfreeze-FT",
  "num_train": 2978,
  "num_val": 330,
  "num_test": 557,
  "tuned_threshold": 0.09,
  "best_val_F1": 0.8863992666163709,
  "mean_F1": 0.7922236186878656,
  "mean_precision": 0.9386351996710971,
  "mean_recall": 0.6984615109276052,
  "median_F1": 0.8205128205128205,
  "metric": "flexible(+/-1)_F1"
}