{
  "family": "5s",
  "backbone": "hybrid-300M",
  "pipeline": "RiNALMo+gradual-unfreeze-FT",
  "num_train": 2324,
  "num_val": 258,
  "num_test": 1283,
  "tuned_threshold": 0.09,
  "best_val_F1": 0.8157013028767345,
  "mean_F1": 0.8042427289923214,
  "mean_precision": 0.9204503072334039,
  "mean_recall": 0.7184554600794518,
  "median_F1": 0.8275862068965517,
  "metric": "flexible(+/-1)_F1"
}