{
  "family": "grp1",
  "backbone": "hybrid-300M",
  "pipeline": "RiNALMo+gradual-unfreeze-FT",
  "num_train": 3412,
  "num_val": 379,
  "num_test": 74,
  "tuned_threshold": 0.11,
  "best_val_F1": 0.8707778729047911,
  "mean_F1": 0.1513471824231741,
  "mean_precision": 0.18272637401007336,
  "mean_recall": 0.1330101069883315,
  "median_F1": 0.13918010395047276,
  "metric": "flexible(+/-1)_F1"
}