{
  "family": "RNaseP",
  "backbone": "hybrid-300M",
  "pipeline": "RiNALMo+gradual-unfreeze-FT",
  "num_train": 3070,
  "num_val": 341,
  "num_test": 454,
  "tuned_threshold": 0.15,
  "best_val_F1": 0.872143494275116,
  "mean_F1": 0.48901361224374196,
  "mean_precision": 0.69143964301077,
  "mean_recall": 0.3833908210980459,
  "median_F1": 0.5480715691005604,
  "metric": "flexible(+/-1)_F1"
}