model,method,dataset,num_sequences,mean_AUPRC,mean_AUROC,mean_P_at_L,mean_P_at_L2,mean_P_at_num_gold,mean_best_F1,median_AUPRC,median_best_F1
kmer1-BERT,categorical_jacobian,archiveII,99,0.05216995853014427,0.6197948716290325,0.026093826518841512,0.04178659817816223,0.06374167419442202,0.09500087427409235,0.007810724475570876,0.033898305084257396
kmer1-BERT,embedding_perturb,archiveII,99,0.027331962699621626,0.5890547826001032,0.014862534095847377,0.022458783144514303,0.032473805778591804,0.05836848279909464,0.006691490419259742,0.021978021977559718
kmer1-hybrid,categorical_jacobian,archiveII,99,0.039701284043734214,0.6764846153402619,0.02206084479613493,0.03174689522451842,0.04673329095763073,0.07658583815013427,0.011768475117229536,0.03571428571381696
kmer1-hybrid,embedding_perturb,archiveII,99,0.010436560392193843,0.5858792568650899,0.011597807346795403,0.014203245069586328,0.014985238429237241,0.035003461668866,0.006764191335594607,0.021052631578481997
