{
  "family": "5s",
  "backbone": "hybrid-300M",
  "pipeline": "RiNALMo+gradual-unfreeze-FT",
  "num_train": 2324,
  "num_val": 258,
  "num_test": 1283,
  "tuned_threshold": 0.05,
  "best_val_F1": 0.9453165966640966,
  "mean_F1": 0.7850074593346409,
  "mean_precision": 0.9444947461519735,
  "mean_recall": 0.677724498751513,
  "median_F1": 0.8,
  "metric": "flexible(+/-1)_F1"
}