{
  "family": "grp1",
  "backbone": "hybrid-300M",
  "pipeline": "RiNALMo+gradual-unfreeze-FT",
  "num_train": 3412,
  "num_val": 379,
  "num_test": 74,
  "tuned_threshold": 0.03,
  "best_val_F1": 0.9542056885194783,
  "mean_F1": 0.13912660599162907,
  "mean_precision": 0.2200369398419924,
  "mean_recall": 0.10423728651110488,
  "median_F1": 0.13401705860008978,
  "metric": "flexible(+/-1)_F1"
}