{
  "kmer1-BERT": {
    "eval_loss_per_token": 0.5663126608360685,
    "token_acc": 0.7561803066604652,
    "per_base_acc": 0.7561803066604652,
    "per_base_nll": 0.5663126608360685,
    "per_base_ppl": 1.7617588574160747,
    "masked_or_pred_tokens": 767559,
    "evaluated_bases": 767559,
    "peak_eval_gpu_gb": 0.905487872,
    "train_runtime_s": 7659.4209,
    "tokens_per_sec": 1856058.368,
    "tokenizer": "kmer1",
    "backbone": "bert",
    "objective": "mlm",
    "param_count": 4939786,
    "color": "tab:blue"
  },
  "kmer1-hybrid": {
    "eval_loss_per_token": 0.4345578101210603,
    "token_acc": 0.8241112409599783,
    "per_base_acc": 0.8241112409599783,
    "per_base_nll": 0.4345578101210603,
    "per_base_ppl": 1.544280042945846,
    "masked_or_pred_tokens": 767559,
    "evaluated_bases": 767559,
    "peak_eval_gpu_gb": 1.816679936,
    "train_runtime_s": 8894.9831,
    "tokens_per_sec": 1598241.28,
    "tokenizer": "kmer1",
    "backbone": "hybrid",
    "objective": "mlm",
    "param_count": 5114890,
    "color": "tab:cyan"
  },
  "kmer1-decoder": {
    "eval_loss_per_token": 0.6055264617198727,
    "token_acc": 0.7465068862464141,
    "per_base_acc": 0.7471714354228065,
    "per_base_nll": 0.6055264617198727,
    "per_base_ppl": 1.832216546894434,
    "masked_or_pred_tokens": 5140972,
    "evaluated_bases": 5120972,
    "peak_eval_gpu_gb": 2.786361344,
    "train_runtime_s": 11203.8705,
    "tokens_per_sec": 1268876.8,
    "tokenizer": "kmer1",
    "backbone": "gpt2",
    "objective": "causal",
    "param_count": 4872704,
    "color": "tab:purple"
  },
  "kmer6-BERT": {
    "eval_loss_per_token": 2.5030487220954645,
    "token_acc": 0.6127541161011053,
    "per_base_acc": 0.8130645950890212,
    "per_base_nll": 0.41717478701591076,
    "per_base_ppl": 1.5176677583723102,
    "masked_or_pred_tokens": 129370,
    "evaluated_bases": 776220,
    "peak_eval_gpu_gb": 1.60745728,
    "train_runtime_s": 3050.1503,
    "tokens_per_sec": 873911.7119999999,
    "tokenizer": "kmer6",
    "backbone": "bert",
    "objective": "mlm",
    "param_count": 8954126,
    "color": "tab:green"
  },
  "kmer6-hybrid": {
    "eval_loss_per_token": 2.421672970188763,
    "token_acc": 0.6207776145938008,
    "per_base_acc": 0.8202957924299812,
    "per_base_nll": 0.4036121616981272,
    "per_base_ppl": 1.497223153852998,
    "masked_or_pred_tokens": 129370,
    "evaluated_bases": 776220,
    "peak_eval_gpu_gb": 1.608196608,
    "train_runtime_s": 3696.618,
    "tokens_per_sec": 721081.344,
    "tokenizer": "kmer6",
    "backbone": "hybrid",
    "objective": "mlm",
    "param_count": 9126670,
    "color": "tab:olive"
  },
  "kmer6-decoder": {
    "eval_loss_per_token": 2.576263540607723,
    "token_acc": 0.594709503132054,
    "per_base_acc": 0.7761087690495404,
    "per_base_nll": 0.42937725676795385,
    "per_base_ppl": 1.536300504848967,
    "masked_or_pred_tokens": 882488,
    "evaluated_bases": 5174928,
    "peak_eval_gpu_gb": 1.819609088,
    "train_runtime_s": 2999.6097,
    "tokens_per_sec": 888636.2880000001,
    "tokenizer": "kmer6",
    "backbone": "gpt2",
    "objective": "causal",
    "param_count": 8764928,
    "color": "tab:red"
  }
}